{"cameraMode":{"drawMode":0,"name":"Shaded","section":"Shading Mode"},"sceneLighting":true,"audioPlay":false,"sceneViewState":{"showFog":true,"showMaterialUpdate":false,"showSkybox":true,"showFlares":true,"showImageEffects":true,"showParticleSystems":true},"in2DMode":false,"pivot":{"x":33.93410110473633,"y":-157.1941375732422,"z":1045.9967041015625},"rotation":{"x":-0.0722515806555748,"y":0.0030082890298217537,"z":-0.00008284326031571254,"w":-0.9974440932273865},"size":1138.3131103515625,"orthographic":false}