{"cameraMode":{"drawMode":0,"name":"Shaded","section":"Shading Mode"},"sceneLighting":true,"audioPlay":false,"sceneViewState":{"showFog":true,"showMaterialUpdate":false,"showSkybox":true,"showFlares":true,"showImageEffects":true,"showParticleSystems":true},"in2DMode":false,"pivot":{"x":152.6988525390625,"y":-110.02857208251953,"z":255.581298828125},"rotation":{"x":-0.13911859691143037,"y":-0.21572625637054444,"z":0.03030952624976635,"w":-0.966460645198822},"size":396.8727722167969,"orthographic":false}